id,latitude,longitude,distance_chateau,nb_personnes,heure_arrivee,heure_depart
0,48.40946984256089,-2.10958904175328,7.1659878463733735,3,480,862
1,48.53299489849577,-2.0114003834276555,8.931927082693019,2,595,926
2,48.44675059034976,-1.997018660805397,3.373931239486438,1,638,949
3,48.44093483050919,-1.9869960245892297,4.283215736879467,1,559,924
4,48.43426494296862,-2.1447245714819188,7.993840291286165,1,701,856
5,48.535886796446974,-1.9822208337010832,9.972729121362764,2,621,860
6,48.40616690520236,-2.080483822378736,6.171881210307439,4,503,898
7,48.42703264587641,-1.8801393072386667,12.269551563879249,2,693,952
8,48.42425996873963,-1.948089940733604,7.663793136989567,4,682,928
9,48.45058440331813,-2.023046858158937,1.4160289493524238,1,639,854
10,48.46072940130772,-2.0301534860743935,1.0156583573549534,2,623,877
11,48.37747876553513,-1.8815724784504797,14.592270483140386,2,673,874
12,48.43779772535762,-2.030323469282773,2.0788478913911903,2,604,927
13,48.37588630274606,-2.063926664959567,8.969210554333642,2,510,936
14,48.48248208558821,-2.0207645821670615,3.390597527368893,1,546,918
15,48.46152386990947,-2.059377829253969,1.5319173804319743,4,482,874
16,48.35946522976252,-2.0916314734703234,11.271727463516587,2,603,858
17,48.48937797165387,-2.0118620416552995,4.375153877547391,2,599,907
18,48.55043089679113,-2.138241254686515,12.794310089466942,2,697,936
19,48.50533062903049,-2.1479894397031734,9.663666858217308,4,504,952
20,48.380553378530074,-1.9796462722451327,9.44523622385309,4,681,942
21,48.4022028565298,-1.9494925074519691,8.954488208721555,3,690,932
22,48.48933919456179,-2.026145957016094,3.9615759881537027,4,682,958
23,48.345836521351856,-2.144447133916386,14.350406142376526,3,545,859
24,48.51818989270223,-2.011028020997492,7.3548221035912595,2,648,892
25,48.476729316814065,-2.0880109918456506,4.2187908018167715,4,646,848
26,48.42785083441023,-1.9491000464979198,7.42533254140542,2,570,942
27,48.42633035974687,-1.9572677456756038,6.955880037484176,4,607,950
28,48.47359149888186,-2.087618115857422,4.00529624759883,2,623,877
29,48.56937036171313,-2.02779438927185,12.743465581779226,1,647,907
